<?xml version="1.0" encoding="UTF-8"?>
<!--
  ~ Copyright (c) 2020, WSO2 Inc. (http://www.wso2.org) All Rights Reserved.
  ~
  ~ WSO2 Inc. licenses this file to you under the Apache License,
  ~ Version 2.0 (the "License"); you may not use this file except
  ~ in compliance with the License.
  ~ You may obtain a copy of the License at
  ~
  ~ http://www.apache.org/licenses/LICENSE-2.0
  ~
  ~ Unless required by applicable law or agreed to in writing,
  ~ software distributed under the License is distributed on an
  ~ "AS IS" BASIS, WITHOUT WARRANTIES OR CONDITIONS OF ANY
  ~ KIND, either express or implied. See the License for the
  ~ specific language governing permissions and limitations
  ~ under the License.
  -->
<component name="configuration" type="synapse/template">
    <subComponents>
        <component name="getOrgUnits">
            <file>getOrgUnits.xml</file>
            <description>Get Organization Units REST API</description>
        </component>
        <component name="postOrgUnits">
            <file>postOrgUnits.xml</file>
            <description>Post Organization Units REST API</description>
        </component>
        <component name="patchOrgUnits">
            <file>patchOrgUnits.xml</file>
            <description>Patch Organization Units REST API</description>
        </component>
        <component name="getOrgUnitDetails">
            <file>getOrgUnitDetails.xml</file>
            <description>Get Organization Units Details REST API</description>
        </component>
    </subComponents>
</component>