{
  "$schema":"http:\/\/wso2.org\/json-schema\/wso2-data-mapper-v5.0.0\/schema#",
  "id":"http:\/\/wso2jsonschema.org",
  "title":"root",
  "type":"object",
  "properties":{
    "employeeNumber":{
      "id":"http:\/\/wso2jsonschema.org\/employeeNumber",
      "type":"string",
      "nullable":"true"
    },
    "employmentStatusXRefCode":{
      "id":"http:\/\/wso2jsonschema.org\/employmentStatusXRefCode",
      "type":"string",
      "nullable":"true"
    },
    "orgUnitXRefCode":{
      "id":"http:\/\/wso2jsonschema.org\/orgUnitXRefCode",
      "type":"string",
      "nullable":"true"
    },
    "filterHireStartDate":{
      "id":"http:\/\/wso2jsonschema.org\/filterHireStartDate",
      "type":"string",
      "nullable":"true"
    },
    "filterHireEndDate":{
      "id":"http:\/\/wso2jsonschema.org\/filterHireEndDate",
      "type":"string",
      "nullable":"true"
    },
    "filterTerminationStartDate":{
      "id":"http:\/\/wso2jsonschema.org\/filterTerminationStartDate",
      "type":"string",
      "nullable":"true"
    },
    "filterTerminationEndDate":{
      "id":"http:\/\/wso2jsonschema.org\/filterTerminationEndDate",
      "type":"string",
      "nullable":"true"
    },
    "filterUpdatedStartDate":{
      "id":"http:\/\/wso2jsonschema.org\/filterUpdatedStartDate",
      "type":"string",
      "nullable":"true"
    },
    "filterUpdatedEndDate":{
      "id":"http:\/\/wso2jsonschema.org\/filterUpdatedEndDate",
      "type":"string",
      "nullable":"true"
    },
    "contextDate":{
      "id":"http:\/\/wso2jsonschema.org\/contextDate",
      "type":"string",
      "nullable":"true"
    }
  }
}
