{
  "$schema": "http:\/\/wso2.org\/json-schema\/wso2-data-mapper-v5.0.0\/schema#",
  "outputType": "JSON",
  "id": "http:\/\/wso2jsonschema.org",
  "title": "root",
  "type": "object",
  "properties": {
    "Data": {
      "id": "http:\/\/wso2jsonschema.org\/Data",
      "nullable": "true",
      "type": "object",
      "properties": {
        "OrgLevel": {
          "id": "http:\/\/wso2jsonschema.org\/Data\/OrgLevel",
          "nullable": "true",
          "type": "object",
          "properties": {
            "XRefCode": {
              "id": "http:\/\/wso2jsonschema.org\/Data\/OrgLevel\/XRefCode",
              "nullable": "true",
              "type": "string"
            },
            "ShortName": {
              "id": "http:\/\/wso2jsonschema.org\/Data\/OrgLevel\/ShortName",
              "nullable": "true",
              "type": "string"
            },
            "LongName": {
              "id": "http:\/\/wso2jsonschema.org\/Data\/OrgLevel\/LongName",
              "nullable": "true",
              "type": "string"
            },
            "LastModifiedTimestamp": {
              "id": "http:\/\/wso2jsonschema.org\/Data\/OrgLevel\/LastModifiedTimestamp",
              "nullable": "true",
              "type": "string"
            }
          }
        },
        "PhysicalLocation": {
          "id": "http:\/\/wso2jsonschema.org\/Data\/PhysicalLocation",
          "nullable": "true",
          "type": "boolean"
        },
        "BusinessPhone": {
          "id": "http:\/\/wso2jsonschema.org\/Data\/BusinessPhone",
          "nullable": "true",
          "type": "string"
        },
        "ContactBusinessPhone": {
          "id": "http:\/\/wso2jsonschema.org\/Data\/ContactBusinessPhone",
          "nullable": "true",
          "type": "string"
        },
        "ContactCellPhone": {
          "id": "http:\/\/wso2jsonschema.org\/Data\/ContactCellPhone",
          "nullable": "true",
          "type": "string"
        },
        "PostalCode": {
          "id": "http:\/\/wso2jsonschema.org\/Data\/PostalCode",
          "nullable": "true",
          "type": "string"
        },
        "CountryCode": {
          "id": "http:\/\/wso2jsonschema.org\/Data\/CountryCode",
          "nullable": "true",
          "type": "string"
        },
        "OpeningDate": {
          "id": "http:\/\/wso2jsonschema.org\/Data\/OpeningDate",
          "nullable": "true",
          "type": "string"
        },
        "ClosingDate": {
          "id": "http:\/\/wso2jsonschema.org\/Data\/ClosingDate",
          "nullable": "true",
          "type": "string"
        },
        "ComparableLocation": {
          "id": "http:\/\/wso2jsonschema.org\/Data\/ComparableLocation",
          "nullable": "true",
          "type": "object",
          "properties": {
            "XRefCode": {
              "id": "http:\/\/wso2jsonschema.org\/Data\/ComparableLocation\/XRefCode",
              "nullable": "true",
              "type": "string"
            },
            "ShortName": {
              "id": "http:\/\/wso2jsonschema.org\/Data\/ComparableLocation\/ShortName",
              "nullable": "true",
              "type": "string"
            },
            "LongName": {
              "id": "http:\/\/wso2jsonschema.org\/Data\/ComparableLocation\/LongName",
              "nullable": "true",
              "type": "string"
            }
          }
        },
        "Department": {
          "id": "http:\/\/wso2jsonschema.org\/Data\/Department",
          "nullable": "true",
          "type": "object",
          "properties": {
            "XRefCode": {
              "id": "http:\/\/wso2jsonschema.org\/Data\/Department\/XRefCode",
              "nullable": "true",
              "type": "string"
            },
            "ShortName": {
              "id": "http:\/\/wso2jsonschema.org\/Data\/Department\/ShortName",
              "nullable": "true",
              "type": "string"
            },
            "LongName": {
              "id": "http:\/\/wso2jsonschema.org\/Data\/Department\/LongName",
              "nullable": "true",
              "type": "string"
            },
            "LastModifiedTimestamp": {
              "id": "http:\/\/wso2jsonschema.org\/Data\/Department\/LastModifiedTimestamp",
              "nullable": "true",
              "type": "string"
            }
          }
        },
        "Zone": {
          "id": "http:\/\/wso2jsonschema.org\/Data\/Zone",
          "nullable": "true",
          "type": "object",
          "properties": {
            "XRefCode": {
              "id": "http:\/\/wso2jsonschema.org\/Data\/Zone\/XRefCode",
              "nullable": "true",
              "type": "string"
            },
            "ShortName": {
              "id": "http:\/\/wso2jsonschema.org\/Data\/Zone\/ShortName",
              "nullable": "true",
              "type": "string"
            },
            "LongName": {
              "id": "http:\/\/wso2jsonschema.org\/Data\/Zone\/LongName",
              "nullable": "true",
              "type": "string"
            },
            "LastModifiedTimestamp": {
              "id": "http:\/\/wso2jsonschema.org\/Data\/Zone\/LastModifiedTimestamp",
              "nullable": "true",
              "type": "string"
            }
          }
        },
        "StartDayOfWeek": {
          "id": "http:\/\/wso2jsonschema.org\/Data\/StartDayOfWeek",
          "nullable": "true",
          "type": "number"
        },
        "GeoCity": {
          "id": "http:\/\/wso2jsonschema.org\/Data\/GeoCity",
          "nullable": "true",
          "type": "object",
          "properties": {
            "ShortName": {
              "id": "http:\/\/wso2jsonschema.org\/Data\/GeoCity\/ShortName",
              "nullable": "true",
              "type": "string"
            },
            "LongName": {
              "id": "http:\/\/wso2jsonschema.org\/Data\/GeoCity\/LongName",
              "nullable": "true",
              "type": "string"
            },
            "LastModifiedTimestamp": {
              "id": "http:\/\/wso2jsonschema.org\/Data\/GeoCity\/LastModifiedTimestamp",
              "nullable": "true",
              "type": "string"
            }
          }
        },
        "Timezone": {
          "id": "http:\/\/wso2jsonschema.org\/Data\/Timezone",
          "nullable": "true",
          "type": "object",
          "properties": {
            "XRefCode": {
              "id": "http:\/\/wso2jsonschema.org\/Data\/Timezone\/XRefCode",
              "nullable": "true",
              "type": "string"
            },
            "ShortName": {
              "id": "http:\/\/wso2jsonschema.org\/Data\/Timezone\/ShortName",
              "nullable": "true",
              "type": "string"
            },
            "LongName": {
              "id": "http:\/\/wso2jsonschema.org\/Data\/Timezone\/LongName",
              "nullable": "true",
              "type": "string"
            },
            "LastModifiedTimestamp": {
              "id": "http:\/\/wso2jsonschema.org\/Data\/Timezone\/LastModifiedTimestamp",
              "nullable": "true",
              "type": "string"
            }
          }
        },
        "County": {
          "id": "http:\/\/wso2jsonschema.org\/Data\/County",
          "nullable": "true",
          "type": "string"
        },
        "IsOrgManaged": {
          "id": "http:\/\/wso2jsonschema.org\/Data\/IsOrgManaged",
          "nullable": "true",
          "type": "boolean"
        },
        "IsMobileOrg": {
          "id": "http:\/\/wso2jsonschema.org\/Data\/IsMobileOrg",
          "nullable": "true",
          "type": "boolean"
        },
        "PublicName": {
          "id": "http:\/\/wso2jsonschema.org\/Data\/PublicName",
          "nullable": "true",
          "type": "string"
        },
        "ClockTransferCode": {
          "id": "http:\/\/wso2jsonschema.org\/Data\/ClockTransferCode",
          "nullable": "true",
          "type": "string"
        },
        "ContactEmail": {
          "id": "http:\/\/wso2jsonschema.org\/Data\/ContactEmail",
          "nullable": "true",
          "type": "string"
        },
        "ContactName": {
          "id": "http:\/\/wso2jsonschema.org\/Data\/ContactName",
          "nullable": "true",
          "type": "string"
        },
        "LedgerCode": {
          "id": "http:\/\/wso2jsonschema.org\/Data\/LedgerCode",
          "nullable": "true",
          "type": "string"
        },
        "StateCode": {
          "id": "http:\/\/wso2jsonschema.org\/Data\/StateCode",
          "nullable": "true",
          "type": "string"
        },
        "Address": {
          "id": "http:\/\/wso2jsonschema.org\/Data\/Address",
          "nullable": "true",
          "type": "string"
        },
        "Address2": {
          "id": "http:\/\/wso2jsonschema.org\/Data\/Address2",
          "nullable": "true",
          "type": "string"
        },
        "LegalEntity": {
          "id": "http:\/\/wso2jsonschema.org\/Data\/LegalEntity",
          "nullable": "true",
          "type": "object",
          "properties": {
            "Country": {
              "id": "http:\/\/wso2jsonschema.org\/Data\/LegalEntity\/Country",
              "nullable": "true",
              "type": "object",
              "properties": {
                "Name": {
                  "id": "http:\/\/wso2jsonschema.org\/Data\/LegalEntity\/Country\/Name",
                  "nullable": "true",
                  "type": "string"
                },
                "XRefCode": {
                  "id": "http:\/\/wso2jsonschema.org\/Data\/LegalEntity\/Country\/XRefCode",
                  "nullable": "true",
                  "type": "string"
                },
                "ShortName": {
                  "id": "http:\/\/wso2jsonschema.org\/Data\/LegalEntity\/Country\/ShortName",
                  "nullable": "true",
                  "type": "string"
                },
                "LongName": {
                  "id": "http:\/\/wso2jsonschema.org\/Data\/LegalEntity\/Country\/LongName",
                  "nullable": "true",
                  "type": "string"
                },
                "LastModifiedTimestamp": {
                  "id": "http:\/\/wso2jsonschema.org\/Data\/LegalEntity\/Country\/LastModifiedTimestamp",
                  "nullable": "true",
                  "type": "string"
                }
              }
            },
            "LegalEntityAddress": {
              "id": "http:\/\/wso2jsonschema.org\/Data\/LegalEntity\/LegalEntityAddress",
              "nullable": "true",
              "type": "object",
              "properties": {
                "Address1": {
                  "id": "http:\/\/wso2jsonschema.org\/Data\/LegalEntity\/LegalEntityAddress\/Address1",
                  "nullable": "true",
                  "type": "string"
                },
                "Address2": {
                  "id": "http:\/\/wso2jsonschema.org\/Data\/LegalEntity\/LegalEntityAddress\/Address2",
                  "nullable": "true",
                  "type": "string"
                },
                "Address3": {
                  "id": "http:\/\/wso2jsonschema.org\/Data\/LegalEntity\/LegalEntityAddress\/Address3",
                  "nullable": "true",
                  "type": "string"
                },
                "Address4": {
                  "id": "http:\/\/wso2jsonschema.org\/Data\/LegalEntity\/LegalEntityAddress\/Address4",
                  "nullable": "true",
                  "type": "string"
                },
                "Address5": {
                  "id": "http:\/\/wso2jsonschema.org\/Data\/LegalEntity\/LegalEntityAddress\/Address5",
                  "nullable": "true",
                  "type": "string"
                },
                "Address6": {
                  "id": "http:\/\/wso2jsonschema.org\/Data\/LegalEntity\/LegalEntityAddress\/Address6",
                  "nullable": "true",
                  "type": "string"
                },
                "City": {
                  "id": "http:\/\/wso2jsonschema.org\/Data\/LegalEntity\/LegalEntityAddress\/City",
                  "nullable": "true",
                  "type": "string"
                },
                "PostalCode": {
                  "id": "http:\/\/wso2jsonschema.org\/Data\/LegalEntity\/LegalEntityAddress\/PostalCode",
                  "nullable": "true",
                  "type": "string"
                },
                "Country": {
                  "id": "http:\/\/wso2jsonschema.org\/Data\/LegalEntity\/LegalEntityAddress\/Country",
                  "nullable": "true",
                  "type": "object",
                  "properties": {
                    "Name": {
                      "id": "http:\/\/wso2jsonschema.org\/Data\/LegalEntity\/LegalEntityAddress\/Country\/Name",
                      "nullable": "true",
                      "type": "string"
                    },
                    "XRefCode": {
                      "id": "http:\/\/wso2jsonschema.org\/Data\/LegalEntity\/LegalEntityAddress\/Country\/XRefCode",
                      "nullable": "true",
                      "type": "string"
                    },
                    "ShortName": {
                      "id": "http:\/\/wso2jsonschema.org\/Data\/LegalEntity\/LegalEntityAddress\/Country\/ShortName",
                      "nullable": "true",
                      "type": "string"
                    },
                    "LongName": {
                      "id": "http:\/\/wso2jsonschema.org\/Data\/LegalEntity\/LegalEntityAddress\/Country\/LongName",
                      "nullable": "true",
                      "type": "string"
                    },
                    "LastModifiedTimestamp": {
                      "id": "http:\/\/wso2jsonschema.org\/Data\/LegalEntity\/LegalEntityAddress\/Country\/LastModifiedTimestamp",
                      "nullable": "true",
                      "type": "string"
                    }
                  }
                },
                "State": {
                  "id": "http:\/\/wso2jsonschema.org\/Data\/LegalEntity\/LegalEntityAddress\/State",
                  "nullable": "true",
                  "type": "object",
                  "properties": {
                    "Name": {
                      "id": "http:\/\/wso2jsonschema.org\/Data\/LegalEntity\/LegalEntityAddress\/State\/Name",
                      "nullable": "true",
                      "type": "string"
                    },
                    "XRefCode": {
                      "id": "http:\/\/wso2jsonschema.org\/Data\/LegalEntity\/LegalEntityAddress\/State\/XRefCode",
                      "nullable": "true",
                      "type": "string"
                    },
                    "ShortName": {
                      "id": "http:\/\/wso2jsonschema.org\/Data\/LegalEntity\/LegalEntityAddress\/State\/ShortName",
                      "nullable": "true",
                      "type": "string"
                    },
                    "LongName": {
                      "id": "http:\/\/wso2jsonschema.org\/Data\/LegalEntity\/LegalEntityAddress\/State\/LongName",
                      "nullable": "true",
                      "type": "string"
                    },
                    "LastModifiedTimestamp": {
                      "id": "http:\/\/wso2jsonschema.org\/Data\/LegalEntity\/LegalEntityAddress\/State\/LastModifiedTimestamp",
                      "nullable": "true",
                      "type": "string"
                    }
                  }
                },
                "LastModifiedTimestamp": {
                  "id": "http:\/\/wso2jsonschema.org\/Data\/LegalEntity\/LegalEntityAddress\/LastModifiedTimestamp",
                  "nullable": "true",
                  "type": "string"
                }
              }
            },
            "LegalIdNumber": {
              "id": "http:\/\/wso2jsonschema.org\/Data\/LegalEntity\/LegalIdNumber",
              "nullable": "true",
              "type": "string"
            },
            "XRefCode": {
              "id": "http:\/\/wso2jsonschema.org\/Data\/LegalEntity\/XRefCode",
              "nullable": "true",
              "type": "string"
            },
            "ShortName": {
              "id": "http:\/\/wso2jsonschema.org\/Data\/LegalEntity\/ShortName",
              "nullable": "true",
              "type": "string"
            },
            "LongName": {
              "id": "http:\/\/wso2jsonschema.org\/Data\/LegalEntity\/LongName",
              "nullable": "true",
              "type": "string"
            },
            "LastModifiedTimestamp": {
              "id": "http:\/\/wso2jsonschema.org\/Data\/LegalEntity\/LastModifiedTimestamp",
              "nullable": "true",
              "type": "string"
            }
          }
        },
        "OrgUnitLegalEntities": {
          "id": "http:\/\/wso2jsonschema.org\/Data\/OrgUnitLegalEntities",
          "nullable": "true",
          "type": "object",
          "properties": {
            "Items": {
              "id": "http:\/\/wso2jsonschema.org\/Data\/OrgUnitLegalEntities\/Items",
              "nullable": "true",
              "type": "array",
              "items": [
                {
                  "id": "http:\/\/wso2jsonschema.org\/Data\/OrgUnitLegalEntities\/Items\/0",
                  "nullable": "true",
                  "type": "object",
                  "properties": {
                    "LegalEntity": {
                      "id": "http:\/\/wso2jsonschema.org\/Data\/OrgUnitLegalEntities\/Items\/0\/LegalEntity",
                      "nullable": "true",
                      "type": "object",
                      "properties": {
                        "XRefCode": {
                          "id": "http:\/\/wso2jsonschema.org\/Data\/OrgUnitLegalEntities\/Items\/0\/LegalEntity\/XRefCode",
                          "nullable": "true",
                          "type": "string"
                        },
                        "ShortName": {
                          "id": "http:\/\/wso2jsonschema.org\/Data\/OrgUnitLegalEntities\/Items\/0\/LegalEntity\/ShortName",
                          "nullable": "true",
                          "type": "string"
                        },
                        "LongName": {
                          "id": "http:\/\/wso2jsonschema.org\/Data\/OrgUnitLegalEntities\/Items\/0\/LegalEntity\/LongName",
                          "nullable": "true",
                          "type": "string"
                        }
                      }
                    },
                    "EffectiveStart": {
                      "id": "http:\/\/wso2jsonschema.org\/Data\/OrgUnitLegalEntities\/Items\/0\/EffectiveStart",
                      "nullable": "true",
                      "type": "string"
                    },
                    "EffectiveEnd": {
                      "id": "http:\/\/wso2jsonschema.org\/Data\/OrgUnitLegalEntities\/Items\/0\/EffectiveEnd",
                      "nullable": "true",
                      "type": "string"
                    },
                    "XRefCode": {
                      "id": "http:\/\/wso2jsonschema.org\/Data\/OrgUnitLegalEntities\/Items\/0\/XRefCode",
                      "nullable": "true",
                      "type": "string"
                    },
                    "ShortName": {
                      "id": "http:\/\/wso2jsonschema.org\/Data\/OrgUnitLegalEntities\/Items\/0\/ShortName",
                      "nullable": "true",
                      "type": "string"
                    },
                    "LongName": {
                      "id": "http:\/\/wso2jsonschema.org\/Data\/OrgUnitLegalEntities\/Items\/0\/LongName",
                      "nullable": "true",
                      "type": "string"
                    },
                    "LastModifiedTimestamp": {
                      "id": "http:\/\/wso2jsonschema.org\/Data\/OrgUnitLegalEntities\/Items\/0\/LastModifiedTimestamp",
                      "nullable": "true",
                      "type": "string"
                    }
                  }
                }
              ]
            }
          }
        },
        "OrgUnitParents": {
          "id": "http:\/\/wso2jsonschema.org\/Data\/OrgUnitParents",
          "nullable": "true",
          "type": "object",
          "properties": {
            "Items": {
              "id": "http:\/\/wso2jsonschema.org\/Data\/OrgUnitParents\/Items",
              "nullable": "true",
              "type": "array",
              "items": [
                {
                  "id": "http:\/\/wso2jsonschema.org\/Data\/OrgUnitParents\/Items\/0",
                  "nullable": "true",
                  "type": "object",
                  "properties": {
                    "ParentOrgUnit": {
                      "id": "http:\/\/wso2jsonschema.org\/Data\/OrgUnitParents\/Items\/0\/ParentOrgUnit",
                      "nullable": "true",
                      "type": "object",
                      "properties": {
                        "XRefCode": {
                          "id": "http:\/\/wso2jsonschema.org\/Data\/OrgUnitParents\/Items\/0\/ParentOrgUnit\/XRefCode",
                          "nullable": "true",
                          "type": "string"
                        },
                        "ShortName": {
                          "id": "http:\/\/wso2jsonschema.org\/Data\/OrgUnitParents\/Items\/0\/ParentOrgUnit\/ShortName",
                          "nullable": "true",
                          "type": "string"
                        },
                        "LongName": {
                          "id": "http:\/\/wso2jsonschema.org\/Data\/OrgUnitParents\/Items\/0\/ParentOrgUnit\/LongName",
                          "nullable": "true",
                          "type": "string"
                        }
                      }
                    },
                    "EffectiveStart": {
                      "id": "http:\/\/wso2jsonschema.org\/Data\/OrgUnitParents\/Items\/0\/EffectiveStart",
                      "nullable": "true",
                      "type": "string"
                    },
                    "EffectiveEnd": {
                      "id": "http:\/\/wso2jsonschema.org\/Data\/OrgUnitParents\/Items\/0\/EffectiveEnd",
                      "nullable": "true",
                      "type": "string"
                    },
                    "XRefCode": {
                      "id": "http:\/\/wso2jsonschema.org\/Data\/OrgUnitParents\/Items\/0\/XRefCode",
                      "nullable": "true",
                      "type": "string"
                    },
                    "ShortName": {
                      "id": "http:\/\/wso2jsonschema.org\/Data\/OrgUnitParents\/Items\/0\/ShortName",
                      "nullable": "true",
                      "type": "string"
                    },
                    "LongName": {
                      "id": "http:\/\/wso2jsonschema.org\/Data\/OrgUnitParents\/Items\/0\/LongName",
                      "nullable": "true",
                      "type": "string"
                    },
                    "LastModifiedTimestamp": {
                      "id": "http:\/\/wso2jsonschema.org\/Data\/OrgUnitParents\/Items\/0\/LastModifiedTimestamp",
                      "nullable": "true",
                      "type": "string"
                    }
                  }
                }
              ]
            }
          }
        },
        "ChildOrgUnits": {
          "id": "http:\/\/wso2jsonschema.org\/Data\/ChildOrgUnits",
          "nullable": "true",
          "type": "object",
          "properties": {
            "Items": {
              "id": "http:\/\/wso2jsonschema.org\/Data\/ChildOrgUnits\/Items",
              "nullable": "true",
              "type": "array",
              "items": [
                {
                  "id": "http:\/\/wso2jsonschema.org\/Data\/ChildOrgUnits\/Items\/0",
                  "nullable": "true",
                  "type": "object",
                  "properties": {
                    "OrgLevel": {
                      "id": "http:\/\/wso2jsonschema.org\/Data\/ChildOrgUnits\/Items\/0\/OrgLevel",
                      "nullable": "true",
                      "type": "object",
                      "properties": {
                        "XRefCode": {
                          "id": "http:\/\/wso2jsonschema.org\/Data\/ChildOrgUnits\/Items\/0\/OrgLevel\/XRefCode",
                          "nullable": "true",
                          "type": "string"
                        },
                        "ShortName": {
                          "id": "http:\/\/wso2jsonschema.org\/Data\/ChildOrgUnits\/Items\/0\/OrgLevel\/ShortName",
                          "nullable": "true",
                          "type": "string"
                        },
                        "LongName": {
                          "id": "http:\/\/wso2jsonschema.org\/Data\/ChildOrgUnits\/Items\/0\/OrgLevel\/LongName",
                          "nullable": "true",
                          "type": "string"
                        },
                        "LastModifiedTimestamp": {
                          "id": "http:\/\/wso2jsonschema.org\/Data\/ChildOrgUnits\/Items\/0\/OrgLevel\/LastModifiedTimestamp",
                          "nullable": "true",
                          "type": "string"
                        }
                      }
                    },
                    "OrgUnitLegalEntities": {
                      "id": "http:\/\/wso2jsonschema.org\/Data\/ChildOrgUnits\/Items\/0\/OrgUnitLegalEntities",
                      "nullable": "true",
                      "type": "object",
                      "properties": {
                        "Items": {
                          "id": "http:\/\/wso2jsonschema.org\/Data\/ChildOrgUnits\/Items\/0\/OrgUnitLegalEntities\/Items",
                          "nullable": "true",
                          "type": "array",
                          "items": [
                            {
                              "id": "http:\/\/wso2jsonschema.org\/Data\/ChildOrgUnits\/Items\/0\/OrgUnitLegalEntities\/Items\/0",
                              "nullable": "true",
                              "type": "object",
                              "properties": {
                                "LegalEntity": {
                                  "id": "http:\/\/wso2jsonschema.org\/Data\/ChildOrgUnits\/Items\/0\/OrgUnitLegalEntities\/Items\/0\/LegalEntity",
                                  "nullable": "true",
                                  "type": "object",
                                  "properties": {
                                    "XRefCode": {
                                      "id": "http:\/\/wso2jsonschema.org\/Data\/ChildOrgUnits\/Items\/0\/OrgUnitLegalEntities\/Items\/0\/LegalEntity\/XRefCode",
                                      "nullable": "true",
                                      "type": "string"
                                    },
                                    "ShortName": {
                                      "id": "http:\/\/wso2jsonschema.org\/Data\/ChildOrgUnits\/Items\/0\/OrgUnitLegalEntities\/Items\/0\/LegalEntity\/ShortName",
                                      "nullable": "true",
                                      "type": "string"
                                    },
                                    "LongName": {
                                      "id": "http:\/\/wso2jsonschema.org\/Data\/ChildOrgUnits\/Items\/0\/OrgUnitLegalEntities\/Items\/0\/LegalEntity\/LongName",
                                      "nullable": "true",
                                      "type": "string"
                                    }
                                  }
                                },
                                "EffectiveStart": {
                                  "id": "http:\/\/wso2jsonschema.org\/Data\/ChildOrgUnits\/Items\/0\/OrgUnitLegalEntities\/Items\/0\/EffectiveStart",
                                  "nullable": "true",
                                  "type": "string"
                                },
                                "EffectiveEnd": {
                                  "id": "http:\/\/wso2jsonschema.org\/Data\/ChildOrgUnits\/Items\/0\/OrgUnitLegalEntities\/Items\/0\/EffectiveEnd",
                                  "nullable": "true",
                                  "type": "string"
                                },
                                "XRefCode": {
                                  "id": "http:\/\/wso2jsonschema.org\/Data\/ChildOrgUnits\/Items\/0\/OrgUnitLegalEntities\/Items\/0\/XRefCode",
                                  "nullable": "true",
                                  "type": "string"
                                },
                                "ShortName": {
                                  "id": "http:\/\/wso2jsonschema.org\/Data\/ChildOrgUnits\/Items\/0\/OrgUnitLegalEntities\/Items\/0\/ShortName",
                                  "nullable": "true",
                                  "type": "string"
                                },
                                "LongName": {
                                  "id": "http:\/\/wso2jsonschema.org\/Data\/ChildOrgUnits\/Items\/0\/OrgUnitLegalEntities\/Items\/0\/LongName",
                                  "nullable": "true",
                                  "type": "string"
                                },
                                "LastModifiedTimestamp": {
                                  "id": "http:\/\/wso2jsonschema.org\/Data\/ChildOrgUnits\/Items\/0\/OrgUnitLegalEntities\/Items\/0\/LastModifiedTimestamp",
                                  "nullable": "true",
                                  "type": "string"
                                }
                              }
                            }
                          ]
                        }
                      }
                    },
                    "OrgUnitParents": {
                      "id": "http:\/\/wso2jsonschema.org\/Data\/ChildOrgUnits\/Items\/0\/OrgUnitParents",
                      "nullable": "true",
                      "type": "object",
                      "properties": {
                        "Items": {
                          "id": "http:\/\/wso2jsonschema.org\/Data\/ChildOrgUnits\/Items\/0\/OrgUnitParents\/Items",
                          "nullable": "true",
                          "type": "array",
                          "items": [
                            {
                              "id": "http:\/\/wso2jsonschema.org\/Data\/ChildOrgUnits\/Items\/0\/OrgUnitParents\/Items\/0",
                              "nullable": "true",
                              "type": "object",
                              "properties": {
                                "ParentOrgUnit": {
                                  "id": "http:\/\/wso2jsonschema.org\/Data\/ChildOrgUnits\/Items\/0\/OrgUnitParents\/Items\/0\/ParentOrgUnit",
                                  "nullable": "true",
                                  "type": "object",
                                  "properties": {
                                    "XRefCode": {
                                      "id": "http:\/\/wso2jsonschema.org\/Data\/ChildOrgUnits\/Items\/0\/OrgUnitParents\/Items\/0\/ParentOrgUnit\/XRefCode",
                                      "nullable": "true",
                                      "type": "string"
                                    },
                                    "ShortName": {
                                      "id": "http:\/\/wso2jsonschema.org\/Data\/ChildOrgUnits\/Items\/0\/OrgUnitParents\/Items\/0\/ParentOrgUnit\/ShortName",
                                      "nullable": "true",
                                      "type": "string"
                                    },
                                    "LongName": {
                                      "id": "http:\/\/wso2jsonschema.org\/Data\/ChildOrgUnits\/Items\/0\/OrgUnitParents\/Items\/0\/ParentOrgUnit\/LongName",
                                      "nullable": "true",
                                      "type": "string"
                                    }
                                  }
                                },
                                "EffectiveStart": {
                                  "id": "http:\/\/wso2jsonschema.org\/Data\/ChildOrgUnits\/Items\/0\/OrgUnitParents\/Items\/0\/EffectiveStart",
                                  "nullable": "true",
                                  "type": "string"
                                },
                                "EffectiveEnd": {
                                  "id": "http:\/\/wso2jsonschema.org\/Data\/ChildOrgUnits\/Items\/0\/OrgUnitParents\/Items\/0\/EffectiveEnd",
                                  "nullable": "true",
                                  "type": "string"
                                },
                                "XRefCode": {
                                  "id": "http:\/\/wso2jsonschema.org\/Data\/ChildOrgUnits\/Items\/0\/OrgUnitParents\/Items\/0\/XRefCode",
                                  "nullable": "true",
                                  "type": "string"
                                },
                                "ShortName": {
                                  "id": "http:\/\/wso2jsonschema.org\/Data\/ChildOrgUnits\/Items\/0\/OrgUnitParents\/Items\/0\/ShortName",
                                  "nullable": "true",
                                  "type": "string"
                                },
                                "LongName": {
                                  "id": "http:\/\/wso2jsonschema.org\/Data\/ChildOrgUnits\/Items\/0\/OrgUnitParents\/Items\/0\/LongName",
                                  "nullable": "true",
                                  "type": "string"
                                },
                                "LastModifiedTimestamp": {
                                  "id": "http:\/\/wso2jsonschema.org\/Data\/ChildOrgUnits\/Items\/0\/OrgUnitParents\/Items\/0\/LastModifiedTimestamp",
                                  "nullable": "true",
                                  "type": "string"
                                }
                              }
                            }
                          ]
                        }
                      }
                    },
                    "XRefCode": {
                      "id": "http:\/\/wso2jsonschema.org\/Data\/ChildOrgUnits\/Items\/0\/XRefCode",
                      "nullable": "true",
                      "type": "string"
                    },
                    "ShortName": {
                      "id": "http:\/\/wso2jsonschema.org\/Data\/ChildOrgUnits\/Items\/0\/ShortName",
                      "nullable": "true",
                      "type": "string"
                    },
                    "LongName": {
                      "id": "http:\/\/wso2jsonschema.org\/Data\/ChildOrgUnits\/Items\/0\/LongName",
                      "nullable": "true",
                      "type": "string"
                    },
                    "LastModifiedTimestamp": {
                      "id": "http:\/\/wso2jsonschema.org\/Data\/ChildOrgUnits\/Items\/0\/LastModifiedTimestamp",
                      "nullable": "true",
                      "type": "string"
                    }
                  }
                }
              ]
            }
          }
        },
        "XRefCode": {
          "id": "http:\/\/wso2jsonschema.org\/Data\/XRefCode",
          "nullable": "true",
          "type": "string"
        },
        "ShortName": {
          "id": "http:\/\/wso2jsonschema.org\/Data\/ShortName",
          "nullable": "true",
          "type": "string"
        },
        "LongName": {
          "id": "http:\/\/wso2jsonschema.org\/Data\/LongName",
          "nullable": "true",
          "type": "string"
        },
        "LastModifiedTimestamp": {
          "id": "http:\/\/wso2jsonschema.org\/Data\/LastModifiedTimestamp",
          "nullable": "true",
          "type": "string"
        }
      }
    },
    "ProcessResults": {
      "id": "http:\/\/wso2jsonschema.org\/ProcessResults",
      "nullable": "true",
      "type": "array",
      "items": [
        {
          "id": "http:\/\/wso2jsonschema.org\/ProcessResults\/0",
          "nullable": "true",
          "type": "object",
          "properties": {
            "Code": {
              "id": "http:\/\/wso2jsonschema.org\/ProcessResults\/0\/Code",
              "nullable": "true",
              "type": "string"
            },
            "Context": {
              "id": "http:\/\/wso2jsonschema.org\/ProcessResults\/0\/Context",
              "nullable": "true",
              "type": "string"
            },
            "Level": {
              "id": "http:\/\/wso2jsonschema.org\/ProcessResults\/0\/Level",
              "nullable": "true",
              "type": "string"
            },
            "Message": {
              "id": "http:\/\/wso2jsonschema.org\/ProcessResults\/0\/Message",
              "nullable": "true",
              "type": "string"
            }
          }
        }
      ]
    }
  }
}