{
  "$schema": "http:\/\/wso2.org\/json-schema\/wso2-data-mapper-v5.0.0\/schema#",
  "outputType": "JSON",
  "id": "http:\/\/wso2jsonschema.org",
  "title": "root",
  "type": "array",
  "items": [
    {
      "properties": {
        "ContactNumber": {
          "id": "http:\/\/wso2jsonschema.org\/0\/ContactNumber",
          "nullable": "true",
          "type": "string"
        },
        "Country": {
          "id": "http:\/\/wso2jsonschema.org\/0\/Country",
          "nullable": "true",
          "type": "object",
          "properties": {
            "Name": {
              "id": "http:\/\/wso2jsonschema.org\/0\/Country\/Name",
              "nullable": "true",
              "type": "string"
            },
            "XRefCode": {
              "id": "http:\/\/wso2jsonschema.org\/0\/Country\/XRefCode",
              "nullable": "true",
              "type": "string"
            },
            "ShortName": {
              "id": "http:\/\/wso2jsonschema.org\/0\/Country\/ShortName",
              "nullable": "true",
              "type": "string"
            },
            "LongName": {
              "id": "http:\/\/wso2jsonschema.org\/0\/Country\/LongName",
              "nullable": "true",
              "type": "string"
            },
            "LastModifiedTimestamp": {
              "id": "http:\/\/wso2jsonschema.org\/0\/Country\/LastModifiedTimestamp",
              "nullable": "true",
              "type": "string"
            }
          }
        },
        "ElectronicAddress": {
          "id": "http:\/\/wso2jsonschema.org\/0\/ElectronicAddress",
          "nullable": "true",
          "type": "string"
        },
        "Extension": {
          "id": "http:\/\/wso2jsonschema.org\/0\/Extension",
          "nullable": "true",
          "type": "string"
        },
        "EffectiveStart": {
          "id": "http:\/\/wso2jsonschema.org\/0\/EffectiveStart",
          "nullable": "true",
          "type": "string"
        },
        "EffectiveEnd": {
          "id": "http:\/\/wso2jsonschema.org\/0\/EffectiveEnd",
          "nullable": "true",
          "type": "string"
        },
        "ContactInformationType": {
          "id": "http:\/\/wso2jsonschema.org\/0\/ContactInformationType",
          "nullable": "true",
          "type": "object",
          "properties": {
            "ContactInformationTypeGroup": {
              "id": "http:\/\/wso2jsonschema.org\/0\/ContactInformationType\/ContactInformationTypeGroup",
              "nullable": "true",
              "type": "object",
              "properties": {
                "XRefCode": {
                  "id": "http:\/\/wso2jsonschema.org\/0\/ContactInformationType\/ContactInformationTypeGroup\/XRefCode",
                  "nullable": "true",
                  "type": "string"
                },
                "ShortName": {
                  "id": "http:\/\/wso2jsonschema.org\/0\/ContactInformationType\/ContactInformationTypeGroup\/ShortName",
                  "nullable": "true",
                  "type": "string"
                },
                "LongName": {
                  "id": "http:\/\/wso2jsonschema.org\/0\/ContactInformationType\/ContactInformationTypeGroup\/LongName",
                  "nullable": "true",
                  "type": "string"
                },
                "LastModifiedTimestamp": {
                  "id": "http:\/\/wso2jsonschema.org\/0\/ContactInformationType\/ContactInformationTypeGroup\/LastModifiedTimestamp",
                  "nullable": "true",
                  "type": "string"
                }
              }
            },
            "XRefCode": {
              "id": "http:\/\/wso2jsonschema.org\/0\/ContactInformationType\/XRefCode",
              "nullable": "true",
              "type": "string"
            },
            "ShortName": {
              "id": "http:\/\/wso2jsonschema.org\/0\/ContactInformationType\/ShortName",
              "nullable": "true",
              "type": "string"
            },
            "LongName": {
              "id": "http:\/\/wso2jsonschema.org\/0\/ContactInformationType\/LongName",
              "nullable": "true",
              "type": "string"
            },
            "LastModifiedTimestamp": {
              "id": "http:\/\/wso2jsonschema.org\/0\/ContactInformationType\/LastModifiedTimestamp",
              "nullable": "true",
              "type": "string"
            }
          }
        },
        "IsForSystemCommunications": {
          "id": "http:\/\/wso2jsonschema.org\/0\/IsForSystemCommunications",
          "nullable": "true",
          "type": "boolean"
        },
        "IsPreferredContactMethod": {
          "id": "http:\/\/wso2jsonschema.org\/0\/IsPreferredContactMethod",
          "nullable": "true",
          "type": "boolean"
        },
        "IsUnlistedNumber": {
          "id": "http:\/\/wso2jsonschema.org\/0\/IsUnlistedNumber",
          "nullable": "true",
          "type": "boolean"
        },
        "FormattedNumber": {
          "id": "http:\/\/wso2jsonschema.org\/0\/FormattedNumber",
          "nullable": "true",
          "type": "string"
        },
        "IsVerified": {
          "id": "http:\/\/wso2jsonschema.org\/0\/IsVerified",
          "nullable": "true",
          "type": "boolean"
        },
        "IsRejected": {
          "id": "http:\/\/wso2jsonschema.org\/0\/IsRejected",
          "nullable": "true",
          "type": "boolean"
        },
        "ShowRejectedWarning": {
          "id": "http:\/\/wso2jsonschema.org\/0\/ShowRejectedWarning",
          "nullable": "true",
          "type": "boolean"
        },
        "NumberOfVerificationRequests": {
          "id": "http:\/\/wso2jsonschema.org\/0\/NumberOfVerificationRequests",
          "nullable": "true",
          "type": "number"
        },
        "LastModifiedTimestamp": {
          "id": "http:\/\/wso2jsonschema.org\/0\/LastModifiedTimestamp",
          "nullable": "true",
          "type": "string"
        }
      },
      "id": "http:\/\/wso2jsonschema.org\/0",
      "nullable": "true",
      "type": "object"
    }
  ]
}