{
  "$schema": "http:\/\/wso2.org\/json-schema\/wso2-data-mapper-v5.0.0\/schema#",
  "outputType": "JSON",
  "id": "http:\/\/wso2jsonschema.org",
  "title": "root",
  "type": "array",
  "items": [
    {
      "properties": {
        "Skill": {
          "id": "http:\/\/wso2jsonschema.org\/0\/Skill",
          "nullable": "true",
          "type": "object",
          "properties": {
            "SkillType": {
              "id": "http:\/\/wso2jsonschema.org\/0\/Skill\/SkillType",
              "nullable": "true",
              "type": "object",
              "properties": {
                "XRefCode": {
                  "id": "http:\/\/wso2jsonschema.org\/0\/Skill\/SkillType\/XRefCode",
                  "nullable": "true",
                  "type": "string"
                },
                "ShortName": {
                  "id": "http:\/\/wso2jsonschema.org\/0\/Skill\/SkillType\/ShortName",
                  "nullable": "true",
                  "type": "string"
                },
                "LongName": {
                  "id": "http:\/\/wso2jsonschema.org\/0\/Skill\/SkillType\/LongName",
                  "nullable": "true",
                  "type": "string"
                },
                "LastModifiedTimestamp": {
                  "id": "http:\/\/wso2jsonschema.org\/0\/Skill\/SkillType\/LastModifiedTimestamp",
                  "nullable": "true",
                  "type": "string"
                }
              }
            },
            "XRefCode": {
              "id": "http:\/\/wso2jsonschema.org\/0\/Skill\/XRefCode",
              "nullable": "true",
              "type": "string"
            },
            "ShortName": {
              "id": "http:\/\/wso2jsonschema.org\/0\/Skill\/ShortName",
              "nullable": "true",
              "type": "string"
            },
            "LongName": {
              "id": "http:\/\/wso2jsonschema.org\/0\/Skill\/LongName",
              "nullable": "true",
              "type": "string"
            },
            "LastModifiedTimestamp": {
              "id": "http:\/\/wso2jsonschema.org\/0\/Skill\/LastModifiedTimestamp",
              "nullable": "true",
              "type": "string"
            }
          }
        },
        "SkillLevel": {
          "id": "http:\/\/wso2jsonschema.org\/0\/SkillLevel",
          "nullable": "true",
          "type": "object",
          "properties": {
            "XRefCode": {
              "id": "http:\/\/wso2jsonschema.org\/0\/SkillLevel\/XRefCode",
              "nullable": "true",
              "type": "string"
            },
            "ShortName": {
              "id": "http:\/\/wso2jsonschema.org\/0\/SkillLevel\/ShortName",
              "nullable": "true",
              "type": "string"
            },
            "LongName": {
              "id": "http:\/\/wso2jsonschema.org\/0\/SkillLevel\/LongName",
              "nullable": "true",
              "type": "string"
            },
            "LastModifiedTimestamp": {
              "id": "http:\/\/wso2jsonschema.org\/0\/SkillLevel\/LastModifiedTimestamp",
              "nullable": "true",
              "type": "string"
            }
          }
        },
        "EffectiveStart": {
          "id": "http:\/\/wso2jsonschema.org\/0\/EffectiveStart",
          "nullable": "true",
          "type": "string"
        },
        "EffectiveEnd": {
          "id": "http:\/\/wso2jsonschema.org\/0\/EffectiveEnd",
          "nullable": "true",
          "type": "string"
        },
        "LastAssignedBy": {
          "id": "http:\/\/wso2jsonschema.org\/0\/LastAssignedBy",
          "nullable": "true",
          "type": "string"
        },
        "LastModifiedTimestamp": {
          "id": "http:\/\/wso2jsonschema.org\/0\/LastModifiedTimestamp",
          "nullable": "true",
          "type": "string"
        }
      },
      "id": "http:\/\/wso2jsonschema.org\/0",
      "nullable": "true",
      "type": "object"
    }
  ]
}