<?xml version="1.0" encoding="UTF-8"?>
<!--
  ~ Copyright (c) 2020, WSO2 Inc. (http://www.wso2.org) All Rights Reserved.
  ~
  ~ WSO2 Inc. licenses this file to you under the Apache License,
  ~ Version 2.0 (the "License"); you may not use this file except
  ~ in compliance with the License.
  ~ You may obtain a copy of the License at
  ~
  ~ http://www.apache.org/licenses/LICENSE-2.0
  ~
  ~ Unless required by applicable law or agreed to in writing,
  ~ software distributed under the License is distributed on an
  ~ "AS IS" BASIS, WITHOUT WARRANTIES OR CONDITIONS OF ANY
  ~ KIND, either express or implied. See the License for the
  ~ specific language governing permissions and limitations
  ~ under the License.
  -->
<component name="employee" type="synapse/template">
    <subComponents>
        <component name="getEmployeeDetails">
            <file>getEmployeeDetails.xml</file>
            <description>Get employee details REST API</description>
        </component>
        <component name="getEmployees">
            <file>getEmployees.xml</file>
            <description>Get employees REST API</description>
        </component>
        <component name="postEmployee">
            <file>postEmployee.xml</file>
            <description>POST employees REST API</description>
        </component>
        <component name="patchEmployee">
            <file>patchEmployee.xml</file>
            <description>PATCH employees REST API</description>
        </component>
    </subComponents>
</component>