{
  "$schema":"http:\/\/wso2.org\/json-schema\/wso2-data-mapper-v5.0.0\/schema#",
  "id":"http:\/\/wso2jsonschema.org",
  "title":"root",
  "type":"object",
  "properties":{
    "xRefCode":{
      "id":"http:\/\/wso2jsonschema.org\/xRefCode",
      "type":"string"
    },
    "pageSize":{
      "id":"http:\/\/wso2jsonschema.org\/pageSize",
      "type":"integer",
      "nullable":"true"
    },
    "reportParameters":{
      "id":"http:\/\/wso2jsonschema.org\/reportParameters",
      "type":"object"
    }
  }
}
